"Netpay Configuration","Configuración de NetPay"
"Netpay Credit Card","NetPay — Tarjeta de crédito o débito"
"OxxoPay","NetPay — OXXO Pay (efectivo)"
"Netpay the payment method available for customers<br/>","NetPay como método de pago disponible para tus clientes<br/>"
"Enable","Habilitar"
"Mode","Modo"
"Test","Pruebas"
"Live","Producción"
"Public Key (Test)","Llave pública (Pruebas)"
"Secret Key (Test)","Llave secreta (Pruebas)"
"Public Key (Live)","Llave pública (Producción)"
"Secret Key (Live)","Llave secreta (Producción)"
"Webhook URL","URL del Webhook"
"Update in Netpay","Registrar en NetPay"
"Show Visa icon","Mostrar ícono de Visa"
"Show Mastercard icon","Mostrar ícono de Mastercard"
"Show American Express icon","Mostrar ícono de American Express"
"Credentials are per scope: each website or store view can operate against a different NetPay account. Use the scope switcher at the top left to configure each one.","Las credenciales son por ámbito: cada sitio web o vista de tienda puede operar contra una cuenta de NetPay distinta. Usa el selector de ámbito de la esquina superior izquierda para configurar cada uno."
"Selects which of the two key pairs below is used. Test keys never move real money.","Determina cuál de los dos pares de llaves se usa. Las llaves de pruebas nunca mueven dinero real."
"Starts with pk_. Used only while Mode is set to Test.","Empieza con pk_. Solo se usa cuando el Modo está en Pruebas."
"Starts with sk_. Stored encrypted, so it always displays as asterisks once saved.","Empieza con sk_. Se guarda cifrada, por eso siempre se muestra como asteriscos una vez guardada."
"Production key. Used only while Mode is set to Live.","Llave de producción. Solo se usa cuando el Modo está en Producción."
"Production key. Stored encrypted, so it always displays as asterisks once saved.","Llave de producción. Se guarda cifrada, por eso siempre se muestra como asteriscos una vez guardada."
"Only controls the card brand icons shown at checkout; it does not affect which cards NetPay processes.","Solo controla los íconos de marca que se muestran en el checkout; no afecta qué tarjetas procesa NetPay."
"You are editing the NetPay credentials of %1.","Estás editando las credenciales de NetPay de %1."
"Default Config","la configuración predeterminada"
"website %1","el sitio web %1"
"store view %1","la vista de tienda %1"
"the selected website","el sitio web seleccionado"
"the selected store view","la vista de tienda seleccionada"
"These credentials apply to every store that does not define its own. If your stores use separate NetPay accounts, set each one from its website scope using the store switcher above.","Estas credenciales aplican a toda tienda que no defina las suyas. Si tus tiendas usan cuentas de NetPay distintas, configura cada una desde el ámbito de su sitio web con el selector de arriba."
"This scope has its own credentials, so it operates against its own NetPay account.","Este ámbito tiene credenciales propias, por lo que opera contra su propia cuenta de NetPay."
"This scope has no credentials of its own: it inherits them from the default scope and therefore shares that NetPay account. Uncheck ""Use Default"" to give it a separate account.","Este ámbito no tiene credenciales propias: las hereda de la configuración predeterminada y por lo tanto comparte esa cuenta de NetPay. Desmarca ""Usar predeterminado"" para asignarle una cuenta aparte."
"The <em>Update in Netpay</em> button registers the webhook against the account of the scope selected here.","El botón <em>Registrar en NetPay</em> da de alta el webhook en la cuenta del ámbito seleccionado aquí."
"URL where NetPay notifies asynchronous payments (OXXO). For this store it is %1. It is registered per NetPay account with the button below, and NetPay must be able to reach it over HTTPS. Card payments are settled during checkout and are not notified here.","URL donde NetPay notifica los pagos asíncronos (OXXO). Para esta tienda es %1. Se registra por cuenta de NetPay con el botón de abajo, y NetPay debe poder alcanzarla por HTTPS. Los pagos con tarjeta se liquidan durante el checkout y no se notifican aquí."
"Webhook registered in the NetPay account of %1 (%2 mode). Remember to save the configuration.","Webhook registrado en la cuenta de NetPay de %1 (modo %2). Recuerda guardar la configuración."
"Could not register the webhook in NetPay for %1: %2","No se pudo registrar el webhook en NetPay para %1: %2"
"the default scope","el ámbito predeterminado"
"store view ""%1""","la vista de tienda ""%1"""
"website ""%1""","el sitio web ""%1"""
"Payment Action","Acción de pago"
"Direct sale (charge immediately)","Venta directa (cobro inmediato)"
"Pre-authorization (hold now, capture on invoice)","Preautorización (retener y cobrar al facturar)"
"Pre-authorization (NetPay Check-in/Check-out): checkout only holds the amount; the charge happens when the invoice is created with ""Capture Online"" (quantities can be adjusted; NetPay accepts a final amount within 20% of the held one). The hold expires after 5 business days (Visa/MC). Requires Check-in/Check-out enabled on the NetPay account. Installments (MSI) are disabled while pre-authorization is active.","Preautorización (Check-in/Check-out de NetPay): el checkout solo retiene el monto; el cobro ocurre al crear la factura con ""Capture Online"" (se pueden ajustar las cantidades; NetPay acepta un monto final dentro del 20% del retenido). La retención expira a los 5 días hábiles (Visa/MC). Requiere que la cuenta NetPay tenga habilitado Check-in/Check-out. Los meses sin intereses (MSI) se deshabilitan con la preautorización activa."
"This order has no confirmed NetPay pre-authorization to capture.","Este pedido no tiene una preautorización de NetPay confirmada para capturar."
"The NetPay pre-authorization of this order was already captured.","La preautorización de NetPay de este pedido ya fue capturada."
"NetPay only allows capturing between %1 and %2 (±20% of the %3 pre-authorized). For a lower amount: cancel the order (the hold is released) and charge again.","NetPay solo permite capturar entre %1 y %2 (±20% de los %3 preautorizados). Para un monto menor: cancela el pedido (se libera la retención) y cobra de nuevo."
"The NetPay capture could not be processed: %1","No se pudo procesar la captura de NetPay: %1"
"NetPay did not approve the capture (%1).","NetPay no aprobó la captura (%1)."
"NetPay did not confirm the hold release (status: %1).","NetPay no confirmó la liberación de la retención (estado: %1)."
"The NetPay hold could not be released: %1","No se pudo liberar la retención de NetPay: %1"
"This NetPay payment was already captured and cannot be voided. Issue a refund (credit memo) instead.","Este pago de NetPay ya fue capturado y no se puede anular (void). Emite un reembolso (nota de crédito) en su lugar."
"NetPay: pre-authorization captured.","NetPay: preautorización capturada."
"The real amount was already charged (PostAuth). See the invoices and the order comments.","El cobro real ya fue ejecutado (PostAuth). Revisa las facturas y los comentarios del pedido."
"NetPay: hold released.","NetPay: retención liberada."
"The pre-authorization was cancelled; the customer was not charged.","La preautorización fue cancelada; no se le cobró al cliente."
"NetPay: %1 on hold (pre-authorized on %2).","NetPay: %1 retenidos (preautorizado el %2)."
"To charge the real amount: Invoice -> adjust quantities (0 for missing items) -> Amount: ""Capture Online"" -> Submit Invoice. NetPay allows capturing within 20% above or below the held amount. The hold expires ~5 business days after it was created (Visa/MC; Amex 7). Cancelling the order releases the hold.","Para cobrar el valor real: Facturar -> ajustar cantidades (0 para faltantes) -> Amount: ""Capture Online"" -> Enviar factura. NetPay permite capturar hasta un 20% arriba o abajo del monto retenido. La retención vence ~5 días hábiles después de creada (Visa/MC; Amex 7). Cancelar el pedido libera la retención."
"NetPay: pre-authorization started but not confirmed.","NetPay: preautorización iniciada pero no confirmada."
"The charge was never authorized (incomplete 3DS or a decline). There is no active hold to capture.","El cargo no llegó a autorizarse (3DS incompleto o rechazo). No hay retención activa que capturar."
